chlorides;total_sulfur_dioxide;density;pH;sulphates;alcohol
0.076;34.0;0.9978;3.51;0.56;9.4
0.098;67.0;0.9968;3.2;0.68;9.8
0.092;54.0;0.997;3.26;0.65;9.8
0.075;60.0;0.998;3.16;0.58;9.8
0.075;40.0;0.9978;3.51;0.56;9.4
0.069;59.0;0.9964;3.3;0.46;9.4
0.065;21.0;0.9946;3.39;0.47;10.0
0.073;18.0;0.9968;3.36;0.57;9.5
0.071;102.0;0.9978;3.35;0.8;10.5
0.0969999999999999;65.0;0.9959;3.28;0.54;9.2
0.089;59.0;0.9943;3.58;0.52;9.9
0.114;29.0;0.9974;3.26;1.56;9.1
0.176;145.0;0.9986;3.16;0.88;9.2
0.17;148.0;0.9986;3.17;0.93;9.2
0.092;103.0;0.9969;3.3;0.75;10.5
0.368;56.0;0.9968;3.11;1.28;9.3
0.086;29.0;0.9974;3.38;0.5;9.0
0.341;56.0;0.9969;3.04;1.08;9.2
0.077;60.0;0.9968;3.39;0.53;9.4
0.0819999999999999;71.0;0.9982;3.52;0.65;9.7
0.106;37.0;0.9966;3.17;0.91;9.5
0.084;67.0;0.9968;3.17;0.53;9.4
0.085;40.0;0.9968;3.43;0.63;9.7
0.08;23.0;0.9955;3.34;0.56;9.3
0.08;11.0;0.9962;3.28;0.59;9.5
0.08;35.0;0.9972;3.47;0.55;9.4
0.0819999999999999;16.0;0.9964;3.38;0.59;9.8
0.089;82.0;0.9958;3.35;0.54;10.1
0.105;37.0;0.9966;3.46;0.57;10.6
0.083;113.0;0.9966;3.17;0.66;9.8
0.073;83.0;0.9993;3.45;0.52;9.4
0.103;50.0;0.9957;3.38;0.55;9.2
0.086;18.0;0.9986;3.4;0.55;9.6
0.086;15.0;0.9975;3.42;0.6;10.8
0.066;30.0;0.9968;3.23;0.73;9.7
0.172;19.0;0.994;3.5;0.48;9.8
0.074;87.0;0.9978;3.33;0.83;10.5
0.088;46.0;0.9976;3.26;0.51;9.3
0.332;14.0;0.9968;3.21;0.9;10.5
0.069;23.0;0.9968;3.3;1.2;10.3
0.05;11.0;0.9962;3.48;0.52;9.5
0.054;65.0;0.9934;3.9;0.56;13.1
0.114;114.0;0.997;3.25;0.73;9.2
0.113;37.0;0.9969;3.25;0.58;9.5
0.066;12.0;0.9958;3.34;0.56;9.2
0.074;96.0;0.9954;3.32;0.58;9.2
0.074;23.0;0.9971;3.15;0.74;9.2
0.069;15.0;0.9956;3.4;0.63;9.4
0.068;14.0;0.9955;3.39;0.64;9.4
0.081;119.0;0.997;3.2;0.56;9.4
0.11;73.0;0.9955;3.17;0.63;10.2
0.084;45.0;0.9978;3.34;0.53;9.5
0.07;10.0;0.9971;3.04;0.63;9.6
0.111;110.0;0.9983;3.26;0.77;9.4
0.076;54.0;0.9975;3.43;0.59;10.0
0.074;46.0;0.9962;3.41;0.54;9.4
0.079;52.0;0.998;3.44;0.64;9.2
0.115;112.0;0.9968;3.21;0.71;9.3
0.085;35.0;0.9968;3.38;0.62;9.5
0.081;54.0;0.9966;3.39;0.57;9.8
0.086;11.0;0.9962;3.41;0.39;10.9
0.079;39.0;0.9968;3.42;0.58;9.6
0.076;15.0;0.9962;3.44;0.58;10.7
0.074;65.0;0.9969;3.28;0.79;10.7
0.074;19.0;0.9962;3.34;0.95;10.5
0.076;27.0;0.9967;3.32;0.54;9.5
0.088;96.0;0.9962;3.32;0.48;9.5
0.084;94.0;0.9961;3.31;0.48;9.5
0.084;43.0;0.9976;3.31;0.53;9.2
0.094;83.0;0.9984;3.28;0.82;9.6
0.093;42.0;0.9986;3.54;0.66;10.5
0.104;30.0;0.9966;3.52;0.55;10.7
0.086;80.0;0.9958;3.38;0.52;10.1
0.08;119.0;0.9972;3.16;1.12;9.1
0.069;15.0;0.9958;3.41;0.56;9.2
0.4639999999999999;67.0;0.9974;3.13;1.28;9.4
0.086;73.0;0.997;3.36;0.57;9.1
0.401;51.0;0.9969;3.16;1.14;9.4
0.069;61.0;0.9959;3.44;0.78;10.3
0.076;40.0;0.9961;3.41;0.59;10.1
0.11;136.0;0.9972;2.93;1.95;9.9
0.062;31.0;0.9966;3.39;0.64;9.6
0.107;125.0;0.9978;3.14;1.22;9.5
0.076;24.0;0.9978;3.48;0.53;9.0
0.079;140.0;0.9964;3.23;0.54;9.5
0.11;133.0;0.9972;2.93;1.98;9.8
0.045;85.0;0.9938;3.75;0.48;10.5
0.0579999999999999;106.0;0.9932;3.85;0.6;12.9
0.102;23.0;0.9965;3.45;0.56;10.7
0.07;22.0;0.9963;3.25;0.63;9.2
0.079;10.0;0.9967;3.39;0.56;9.8
0.08;35.0;0.9972;3.3;0.59;9.0
0.084;50.0;0.9972;3.4;0.61;10.2
0.075;22.0;0.9959;3.31;0.56;10.4
0.077;65.0;0.9967;3.29;0.51;9.2
0.07;36.0;0.996;3.33;0.48;9.4
0.467;69.0;0.9973;3.08;1.31;9.3
0.088;64.0;0.9969;3.46;0.79;9.3
0.091;80.0;0.9976;3.37;0.8;9.6
0.122;153.0;0.9969;3.21;0.69;9.3
0.104;47.0;0.9964;3.19;0.93;9.5
0.084;108.0;0.9964;3.15;0.66;9.8
0.085;111.0;0.9964;3.15;0.66;9.8
0.08;46.0;0.9988;3.32;0.67;9.7
0.09;62.0;0.9966;3.07;0.63;10.5
0.077;40.0;0.9978;3.39;0.61;10.0
0.0819999999999999;28.0;0.997;3.37;0.5;9.4
0.119;56.0;0.9962;3.21;0.6;10.9
0.0969999999999999;89.0;0.9959;3.34;0.54;9.2
0.178;89.0;0.9962;3.3;0.57;9.0
0.075;13.0;0.998;3.49;0.52;9.2
0.08;34.0;0.9976;3.44;0.53;9.5
0.0819999999999999;102.0;0.996;3.39;0.48;9.5
0.146;90.0;0.9984;3.16;0.7;9.4
0.081;12.0;0.9964;3.53;0.49;10.9
0.0819999999999999;12.0;0.9964;3.54;0.48;10.9
0.065;16.0;0.9962;3.42;0.92;10.5
0.072;19.0;0.9955;3.42;0.57;9.4
0.118;134.0;0.9968;3.24;0.66;9.4
0.049;99.0;0.9937;3.63;0.63;13.0
0.06;26.0;0.9952;3.4;0.58;9.8
0.084;29.0;0.9959;3.22;0.55;9.9
0.09;63.0;0.9965;3.19;0.82;9.6
0.089;52.0;0.9968;3.23;0.77;9.5
0.081;45.0;0.9972;3.48;0.64;9.2
0.081;105.0;0.9962;3.33;0.54;9.5
0.081;108.0;0.9962;3.32;0.54;9.5
0.05;63.0;0.9916;3.68;0.79;14.0
0.066;20.0;0.9954;3.34;0.58;9.4
0.1169999999999999;141.0;0.9968;3.17;0.62;9.4
0.087;94.0;0.9944;3.54;0.52;10.0
0.236;88.0;0.9968;3.11;0.8;9.3
0.074;30.0;0.9959;3.42;0.58;10.2
0.089;43.0;0.9975;3.53;0.61;10.5
0.077;11.0;0.9958;3.33;0.53;10.3
0.61;69.0;0.9996;2.74;2.0;9.4
0.095;99.0;0.995;3.35;0.54;10.1
0.07;129.0;0.9973;3.42;0.72;10.5
0.071;128.0;0.9973;3.42;0.71;10.5
0.073;22.0;0.9969;3.48;0.5;9.3
0.079;86.0;0.9968;3.59;0.57;9.3
0.09;20.0;0.9959;3.2;0.56;9.6
0.072;20.0;0.9965;3.17;1.08;9.2
0.076;31.0;0.9964;3.33;0.56;10.0
0.07;121.0;0.9982;3.37;0.49;9.4
0.07;121.0;0.9981;3.37;0.49;9.4
0.1;96.0;0.9961;3.19;0.62;9.5
0.085;101.0;0.9956;3.34;0.52;10.2
0.072;42.0;0.9956;3.37;0.48;9.0
0.089;44.0;0.9953;3.47;0.55;10.4
0.36;63.0;0.9964;3.0;1.59;9.5
0.0579999999999999;8.0;0.9972;3.36;0.33;9.1
0.073;18.0;0.9972;3.29;0.61;9.2
0.068;42.0;0.9961;3.42;0.57;11.5
0.08;35.0;0.9961;3.33;0.47;9.5
0.085;49.0;0.9958;3.35;0.78;9.5
0.087;38.0;0.9972;3.58;0.61;10.5
0.068;20.0;0.9969;3.48;0.56;9.6
0.067;42.0;0.9969;3.19;0.59;9.5
0.27;110.0;0.9972;3.12;1.02;9.3
0.076;42.0;0.9972;3.44;0.52;9.3
0.077;65.0;0.9971;3.54;0.58;9.3
0.079;62.0;0.997;3.52;0.58;9.3
0.111;85.0;0.9971;3.26;0.53;9.7
0.0819999999999999;67.0;0.9972;3.34;0.55;9.2
0.084;26.0;0.9976;3.39;0.49;9.7
0.084;143.0;0.9968;3.2;0.55;9.5
0.0819999999999999;144.0;0.9968;3.2;0.55;9.5
0.077;127.0;0.9976;3.23;0.62;9.4
0.074;49.0;0.9974;3.57;0.62;9.8
0.099;126.0;0.9969;3.28;0.61;9.5
0.071;28.0;0.9964;3.28;0.55;9.7
0.074;120.0;0.9968;3.25;0.54;9.4
0.074;55.0;0.9968;3.46;0.59;10.2
0.067;27.0;0.9981;3.11;0.97;10.1
0.046;93.0;0.9924;3.57;0.85;13.0
0.061;31.0;0.9948;3.51;0.43;11.4
0.0559999999999999;24.0;0.99695;3.22;0.82;10.3
0.0969999999999999;145.0;0.9975;3.04;1.03;9.3
0.075;49.0;0.99545;3.36;0.79;9.5
0.088;39.0;0.9961;3.34;0.55;9.2
0.089;37.0;0.99615;3.34;0.56;9.2
0.095;28.0;0.9994;3.2;0.77;10.8
0.069;120.0;0.99625;3.29;0.53;9.3
0.1;95.0;0.9966;3.22;0.67;9.4
0.054;19.0;0.998;3.31;0.88;10.5
0.039;19.0;0.99585;3.3;0.86;12.4
0.083;62.0;0.99685;3.35;0.56;10.0
0.059;15.0;0.998;3.21;0.67;10.2
0.06;65.0;0.9959;3.3;0.43;10.1
0.092;41.0;0.9974;3.24;0.71;9.8
0.06;121.0;0.9974;3.34;0.76;10.5
0.1009999999999999;49.0;0.9962;3.14;0.57;11.0
0.072;41.0;0.9967;3.36;0.55;9.1
0.076;44.0;0.9957;3.39;0.54;9.7
0.08;144.0;0.99655;3.3;0.6;9.5
0.0819999999999999;58.0;0.9964;3.34;0.59;9.4
0.1009999999999999;72.0;0.9957;3.15;0.57;9.4
0.057;10.0;0.99525;3.42;0.6;9.5
0.083;28.0;0.99815;3.28;0.6;10.0
0.089;55.0;0.99745;3.31;0.57;10.4
0.073;63.0;0.99615;3.37;0.58;10.5
0.337;81.0;0.9964;3.04;1.61;9.5
0.089;23.0;0.9984;3.39;0.63;9.8
0.081;37.0;0.99685;3.46;0.5;11.0
0.054;106.0;0.9927;3.54;0.62;12.2
0.078;49.0;0.99625;3.37;0.52;9.9
0.09;58.0;0.998;3.34;0.7;9.6
0.065;37.0;0.99685;3.32;0.55;9.0
0.0969999999999999;38.0;0.99675;3.37;0.58;9.0
0.0969999999999999;39.0;0.99675;3.37;0.58;9.2
0.263;62.0;0.9971;3.0;1.09;9.3
0.093;24.0;0.99925;3.14;0.71;10.9
0.102;109.0;0.99565;3.08;0.49;9.8
0.075;24.0;1.00005;3.07;0.84;9.2
0.084;23.0;0.9983;3.61;0.96;9.9
0.075;51.0;0.99685;3.38;0.52;9.5
0.072;73.0;0.9963;3.2;0.45;9.3
0.074;39.0;0.99615;3.35;0.48;9.8
0.063;37.0;0.9985;3.22;0.78;10.0
0.074;34.0;0.9972;3.47;0.7;9.9
0.09;21.0;0.9986;3.17;0.53;10.5
0.092;86.0;0.9959;3.23;0.59;9.5
0.073;119.0;0.99675;3.26;0.57;9.3
0.075;13.0;0.998;3.22;0.62;9.2
0.075;56.0;0.9968;3.49;0.67;9.2
0.611;45.0;0.9968;3.06;1.26;9.4
0.085;33.0;0.99965;3.36;0.8;10.5
0.077;45.0;0.99625;3.29;0.65;9.3
0.087;67.0;0.99565;3.35;0.6;9.4
0.07;35.0;0.99575;3.34;0.57;10.0
0.077;49.0;0.9963;3.28;0.67;9.3
0.064;27.0;0.9999;3.08;0.87;10.9
0.071;10.0;0.9968;3.2;0.72;10.2
0.096;61.0;1.00025;3.6;0.72;9.8
0.078;37.0;0.9973;3.35;0.86;12.8
0.077;27.0;0.9987;3.69;0.91;9.4
0.104;23.0;0.9996;3.28;0.97;10.1
0.087;61.0;0.9965;3.36;0.67;10.7
0.071;65.0;0.99935;3.22;0.78;10.1
0.076;38.0;0.99735;3.31;0.64;9.4
0.088;94.0;0.99915;3.38;0.77;9.4
0.073;13.0;0.9976;3.23;0.82;12.6
0.087;47.0;0.9991;3.38;0.77;10.5
0.071;19.0;0.9986;3.12;0.82;9.3
0.358;10.0;0.9972;3.25;1.08;9.9
0.067;53.0;0.9971;3.36;0.57;9.1
0.102;71.0;1.00015;3.31;0.71;9.8
0.073;49.0;0.9997;3.1;0.76;10.3
0.092;53.0;0.9967;3.37;0.7;10.3
0.091;49.0;0.9976;3.34;0.86;10.6
0.105;98.0;1.001;3.2;0.95;9.2
0.3429999999999999;18.0;0.9979;3.3;0.71;10.5
0.091;48.0;0.9994;3.22;0.64;10.3
0.098;16.0;0.9964;3.41;0.6;10.1
0.094;53.0;1.0014;3.05;0.81;9.5
0.073;27.0;1.0001;3.05;0.64;9.5
0.086;70.0;0.9981;3.16;0.52;9.9
0.083;29.0;0.99855;3.67;0.73;9.6
0.094;31.0;0.9993;3.67;0.8;9.7
0.08;33.0;0.99845;3.68;0.71;9.6
0.086;44.0;0.9965;3.38;0.59;10.7
0.068;15.0;0.9973;3.22;0.64;10.1
0.092;28.0;0.9994;3.51;0.72;10.0
0.186;21.0;0.996;3.39;0.54;9.5
0.1119999999999999;90.0;0.9973;3.2;0.52;9.2
0.063;25.0;0.9998;3.12;0.59;9.3
0.0819999999999999;54.0;0.9966;3.36;0.52;9.4
0.213;14.0;0.9994;3.19;0.62;9.5
0.214;12.0;0.9994;3.19;0.63;9.5
0.062;30.0;0.9968;3.41;0.53;9.5
0.072;105.0;0.996;3.27;0.54;9.4
0.093;98.0;0.99815;3.32;0.63;9.5
0.076;135.0;0.9976;3.3;0.53;9.4
0.087;72.0;0.99645;3.39;0.68;11.0
0.096;53.0;0.9962;3.42;0.65;11.0
0.102;92.0;0.9996;3.3;0.65;10.1
0.0819999999999999;74.0;0.99865;3.3;0.64;10.4
0.083;59.0;0.9989;3.37;0.71;11.5
0.09;87.0;0.99975;3.24;0.62;9.7
0.079;18.0;0.99735;3.29;0.63;9.3
0.09;73.0;0.999;3.28;0.7;9.5
0.071;50.0;1.0015;3.16;0.69;9.2
0.121;14.0;0.9978;3.05;0.74;11.5
0.107;13.0;0.998;3.28;0.83;11.5
0.0819999999999999;21.0;1.0002;3.16;0.67;9.7
0.061;15.0;0.9981;3.18;0.62;9.5
0.122;41.0;0.998;3.23;0.66;12.5
0.066;114.0;0.9973;3.22;0.54;9.4
0.105;44.0;0.9958;3.13;0.52;11.0
0.078;38.0;0.9963;3.34;0.74;11.7
0.128;21.0;0.9992;3.17;0.84;12.2
0.052;16.0;0.9948;3.35;0.7;12.5
0.08;58.0;0.9974;3.31;0.64;10.3
0.103;99.0;1.0008;3.16;1.0;11.5
0.0819999999999999;29.0;0.9997;3.11;1.36;9.8
0.066;21.0;1.0;3.12;1.18;9.2
0.065;18.0;0.9972;3.21;0.87;11.3
0.118;14.0;0.9982;3.3;0.75;9.8
0.0819999999999999;32.0;1.0006;3.12;0.78;10.7
0.067;63.0;0.9979;3.6;0.81;9.9
0.072;34.0;0.9955;3.58;0.89;12.3
0.093;15.0;0.9986;3.02;0.93;12.0
0.089;46.0;0.9979;3.11;0.92;10.0
0.093;28.0;0.9994;3.36;0.86;9.4
0.107;34.0;1.0004;3.28;0.98;9.9
0.096;26.0;0.9994;3.35;0.83;9.4
0.09;19.0;0.9974;3.27;0.73;9.3
0.12;77.0;1.0018;3.18;0.77;13.0
0.066;165.0;0.9912;3.25;0.59;11.9
0.078;32.0;0.9955;3.55;0.61;12.8
0.08;55.0;1.0001;3.26;0.88;11.0
0.1159999999999999;29.0;0.997;3.24;0.75;11.7
0.109;23.0;1.0;3.15;0.85;10.4
0.088;41.0;1.001;3.17;0.68;9.8
0.099;81.0;0.9973;3.19;0.7;9.4
0.086;50.0;0.9982;3.37;0.91;9.9
0.072;37.0;0.9992;3.05;0.56;10.0
0.071;15.0;0.9988;2.99;0.87;10.2
0.083;42.0;1.0022;3.07;0.73;10.0
0.107;21.0;0.9979;3.26;0.93;11.8
0.076;24.0;1.0;3.16;0.69;9.0
0.159;75.0;0.9998;3.18;0.64;9.4
0.074;18.0;0.9962;3.2;1.13;12.0
0.063;63.0;0.9975;3.57;0.78;9.9
0.0559999999999999;25.0;0.9967;3.32;0.87;8.7
0.067;46.0;0.9967;3.32;1.04;10.6
0.106;72.0;0.9959;3.05;0.63;9.2
0.089;47.0;1.0014;3.01;0.81;10.8
0.124;15.0;0.9984;3.01;0.83;11.8
0.078;47.0;1.0003;3.26;1.11;11.0
0.088;24.0;0.9988;3.11;0.99;13.3
0.094;60.0;0.9979;3.31;0.7;10.8
0.08;27.0;0.9974;3.21;0.8;9.4
0.085;43.0;1.0014;3.06;0.8;10.0
0.087;54.0;0.998;3.42;0.74;9.2
0.09;37.0;0.9979;3.43;0.76;9.7
0.088;48.0;0.9981;3.41;0.74;9.2
0.079;42.0;0.9972;3.31;0.54;9.6
0.088;53.0;0.9981;3.43;0.74;9.2
0.096;49.0;0.9982;3.19;0.7;10.0
0.045;88.0;0.9924;3.56;0.82;12.9
0.0819999999999999;26.0;0.998;3.18;0.51;9.5
0.1119999999999999;95.0;0.997;3.16;0.54;9.1
0.063;25.0;0.9997;3.03;0.57;9.9
0.066;38.0;1.0004;3.22;0.6;13.0
0.122;124.0;0.9994;3.47;0.53;9.9
0.087;49.0;0.9988;3.18;0.65;11.0
0.064;42.0;0.9963;3.1;0.55;9.4
0.059;38.0;0.9949;3.29;0.47;10.8
0.085;64.0;1.0;3.1;0.61;10.5
0.085;41.0;0.9994;3.15;0.63;10.5
0.075;27.0;0.9974;3.26;0.61;9.1
0.059;25.0;0.9966;3.36;0.76;10.1
0.063;28.0;0.9981;3.24;0.65;10.8
0.093;30.0;0.9996;3.18;0.63;10.8
0.174;16.0;0.997;3.19;0.7;11.3
0.07;49.0;0.9981;3.05;0.57;9.6
0.08;86.0;0.9987;3.38;0.62;9.5
0.08;78.0;0.9987;3.38;0.62;9.5
0.1;77.0;0.9966;3.27;0.64;9.3
0.0969999999999999;19.0;0.9986;3.27;0.82;11.7
0.087;122.0;0.9982;3.26;0.61;9.5
0.1169999999999999;134.0;1.0014;3.32;1.07;9.3
0.111;20.0;0.997;3.26;0.66;11.7
0.091;124.0;0.9956;3.44;0.48;10.5
0.121;20.0;0.9996;3.24;0.76;10.4
0.066;52.0;0.9976;3.62;0.68;9.9
0.089;67.0;0.9972;3.28;0.73;11.8
0.059;48.0;0.9952;3.52;0.56;12.3
0.047;60.0;0.9955;3.36;0.44;10.9
0.066;24.0;0.9978;3.15;0.9;11.0
0.045;48.0;0.9949;3.49;0.49;11.4
0.077;32.0;0.9988;3.26;0.56;10.6
0.07;30.0;0.9978;3.24;0.6;9.3
0.088;35.0;0.9997;3.1;0.6;10.4
0.074;66.0;0.9974;3.25;0.56;9.2
0.078;24.0;0.9958;3.0;0.65;12.8
0.091;18.0;1.0004;3.16;0.49;9.5
0.076;54.0;0.9996;3.15;0.89;9.9
0.06;62.0;0.9958;3.26;0.56;10.2
0.066;22.0;0.9986;3.17;0.66;11.2
0.062;50.0;0.9951;3.08;0.6;9.3
0.072;29.0;0.9987;2.88;0.82;9.8
0.068;27.0;0.9988;3.06;0.68;11.3
0.1;43.0;1.0032;2.95;0.68;11.2
0.077;19.0;0.9963;3.23;0.63;11.6
0.054;27.0;0.9934;3.57;0.84;12.5
0.079;31.0;0.9986;3.23;0.56;10.1
0.081;72.0;0.9996;3.1;0.73;10.5
0.127;16.0;0.9968;3.22;0.72;11.2
0.1;27.0;0.9967;3.2;0.56;10.2
0.095;35.0;0.9994;3.1;0.61;10.8
0.413;26.0;0.9979;3.06;1.06;9.1
0.084;35.0;0.9968;3.44;0.63;10.0
0.084;22.0;0.9998;3.26;0.74;11.2
0.063;67.0;0.9952;3.5;0.63;11.1
0.086;19.0;0.9988;3.22;0.69;13.4
0.095;22.0;0.9986;3.37;0.58;10.3
0.0969999999999999;65.0;0.9988;3.28;0.58;9.6
0.074;47.0;1.0008;3.25;0.57;9.0
0.083;23.0;0.9976;3.35;0.61;11.3
0.087;19.0;0.9982;3.26;0.61;9.3
0.085;25.0;0.997;3.18;0.61;11.8
0.098;129.0;0.9972;3.08;0.53;9.0
0.084;15.0;0.9987;2.98;0.7;9.2
0.098;26.0;1.0006;3.48;0.91;9.7
0.069;51.0;0.9982;3.16;0.72;11.5
0.065;18.0;0.9947;3.32;0.79;14.0
0.09;21.0;1.0;3.17;0.62;9.2
0.07;48.0;0.9952;3.2;0.58;9.8
0.093;47.0;0.9996;3.05;0.61;10.6
0.081;52.0;0.997;3.2;0.71;11.4
0.083;68.0;0.9995;3.15;0.82;10.4
0.062;14.0;0.9971;3.26;0.79;10.6
0.08;24.0;0.9982;3.2;0.89;9.4
0.087;28.0;0.9988;3.14;0.6;10.2
0.091;16.0;0.998;3.28;0.7;9.7
0.075;20.0;0.9977;3.18;1.06;11.0
0.077;31.0;0.9984;3.19;0.7;10.1
0.069;23.0;1.0026;3.12;0.66;9.2
0.08;17.0;0.9964;3.15;0.92;11.7
0.152;18.0;0.9986;3.04;1.05;9.4
0.152;18.0;0.9986;3.04;1.06;9.4
0.114;24.0;0.997;3.06;0.66;13.4
0.054;17.0;0.9976;3.17;0.47;10.0
0.053;14.0;0.9982;3.17;0.42;10.0
0.081;67.0;1.0002;3.32;0.92;10.8
0.073;26.0;0.9984;3.34;0.75;10.2
0.078;56.0;0.9984;3.31;0.67;10.6
0.055;25.0;0.9952;3.34;0.79;13.3
0.052;27.0;0.995;3.32;0.9;13.4
0.086;81.0;1.0002;3.48;0.74;11.6
0.051;91.0;0.9952;3.44;0.55;12.1
0.07;16.0;0.9972;3.15;0.65;11.0
0.081;38.0;0.9984;3.43;0.65;9.0
0.09;113.0;0.9966;3.32;0.79;11.1
0.074;76.0;0.999;3.17;0.85;12.0
0.078;24.0;0.9976;3.18;1.04;10.9
0.077;22.0;0.9976;3.21;1.05;10.8
0.072;26.0;0.9968;3.16;0.78;12.5
0.075;21.0;0.9976;3.25;1.02;10.8
0.084;13.0;1.0;3.17;0.71;9.5
0.09;62.0;0.9994;3.18;0.63;10.2
0.084;43.0;0.9986;3.04;0.68;11.4
0.073;43.0;0.9978;3.02;0.61;9.5
0.125;49.0;0.998;3.03;0.81;9.7
0.107;15.0;0.9973;3.09;0.66;11.8
0.122;151.0;1.001;3.31;1.14;9.3
0.1;14.0;1.001;3.25;0.74;11.9
0.2;16.0;0.9994;3.16;0.63;8.4
0.088;32.0;0.9972;3.22;0.68;11.7
0.088;106.0;0.9966;3.36;0.78;11.0
0.088;33.0;0.9982;3.42;0.9;10.0
0.088;43.0;0.998;3.48;0.64;9.1
0.099;133.0;0.9979;3.38;0.99;9.8
0.085;142.0;0.9978;3.22;0.55;9.4
0.086;116.0;0.9976;3.23;0.64;9.5
0.105;53.0;0.9998;3.24;0.67;9.9
0.0969999999999999;85.0;0.9962;3.39;0.77;11.4
0.084;55.0;0.9988;3.34;0.75;8.7
0.077;33.0;0.9974;3.09;0.57;9.4
0.078;28.0;0.999;3.41;0.87;10.3
0.098;42.0;1.0004;3.16;0.61;10.3
0.072;33.0;0.9956;3.22;0.66;12.8
0.102;32.0;1.0;3.28;0.56;10.0
0.084;13.0;0.9972;3.37;0.77;10.7
0.066;35.0;1.0014;3.2;0.66;12.0
0.1;17.0;0.9996;3.22;0.62;11.2
0.1009999999999999;47.0;0.9988;3.26;0.67;9.6
0.064;17.0;0.9988;3.21;0.73;11.0
0.07;20.0;0.9966;3.12;0.59;9.9
0.085;53.0;0.9993;3.06;0.72;11.0
0.075;15.0;1.0008;2.86;0.79;8.4
0.094;106.0;0.9982;3.08;0.59;9.1
0.078;28.0;0.9983;3.45;0.78;9.5
0.067;21.0;0.9987;3.26;0.86;10.7
0.079;69.0;0.9994;3.12;0.75;10.4
0.171;25.0;0.9975;3.27;0.61;9.4
0.074;25.0;0.9958;3.33;0.56;9.5
0.092;45.0;0.998;3.19;0.73;10.0
0.092;44.0;0.998;3.12;0.74;10.0
0.05;96.0;0.9934;3.74;0.62;11.5
0.095;23.0;1.00315;2.92;0.74;11.1
0.118;17.0;1.0002;3.07;0.56;11.7
0.085;47.0;1.0021;3.3;0.68;12.7
0.075;19.0;0.9994;3.14;0.57;11.4
0.078;121.0;0.9978;3.23;0.58;9.2
0.094;110.0;0.9982;3.08;0.61;9.2
0.092;60.0;0.9971;3.31;0.61;10.1
0.226;15.0;0.9991;3.32;0.6;9.0
0.25;20.0;0.999;3.31;0.79;10.7
0.095;42.0;0.9946;3.57;0.57;11.7
0.07;37.0;1.0003;3.32;0.91;11.0
0.075;28.0;0.9978;3.14;0.61;10.4
0.07;47.0;0.9991;3.3;0.56;9.6
0.078;78.0;0.9992;3.19;0.7;10.0
0.079;46.0;0.9993;3.2;0.8;10.2
0.103;14.0;0.9978;3.34;0.52;10.0
0.083;111.0;0.9982;3.3;0.6;9.5
0.085;110.0;0.9982;3.29;0.6;9.8
0.063;40.0;0.9976;3.14;0.51;9.8
0.089;14.0;1.0002;3.19;0.44;9.6
0.083;15.0;1.0;3.19;0.43;9.2
0.074;21.0;0.9976;2.98;0.66;9.9
0.093;80.0;1.0002;3.3;0.76;10.7
0.091;38.0;0.998;3.47;0.66;9.6
0.094;47.0;0.9986;3.12;1.02;10.6
0.108;102.0;0.9967;3.26;0.59;9.3
0.06;50.0;0.9917;3.72;0.74;14.0
0.059;13.0;0.9976;3.05;0.74;10.5
0.084;75.0;0.9987;3.35;0.57;9.7
0.07;149.0;0.9922;3.12;0.5;11.5
0.094;43.0;1.0004;3.29;0.58;9.0
0.096;38.0;0.9978;3.4;0.53;9.5
0.086;109.0;0.9998;3.27;0.57;9.3
0.059;24.0;0.9994;3.04;0.6;9.3
0.071;18.0;0.998;3.09;0.63;10.0
0.078;30.0;0.9967;3.2;0.48;9.8
0.0819999999999999;22.0;1.0;3.0;0.7;9.3
0.088;23.0;0.9962;3.26;0.47;10.0
0.071;35.0;1.0006;3.1;0.56;9.0
0.081;14.0;0.9975;3.3;0.52;9.3
0.096;63.0;0.9984;3.17;0.62;9.1
0.085;24.0;0.9984;3.31;0.59;9.2
0.072;20.0;0.9973;3.34;0.79;12.2
0.092;52.0;0.9982;3.31;0.53;10.5
0.11;65.0;1.0026;3.32;0.64;10.4
0.075;39.0;0.9956;3.56;0.52;12.7
0.083;57.0;0.9983;3.39;0.54;9.2
0.081;16.0;1.0006;2.98;0.54;9.4
0.077;29.0;0.9965;3.32;0.6;10.0
0.0579999999999999;29.0;0.9962;3.26;0.74;9.8
0.148;103.0;0.9969;2.87;1.36;10.2
0.079;71.0;0.9997;3.5;0.57;9.7
0.079;28.0;0.9982;3.03;0.93;9.8
0.122;17.0;1.0006;3.13;0.7;10.2
0.088;16.0;0.9988;3.09;0.8;9.3
0.076;112.0;0.9976;3.27;0.61;9.4
0.078;104.0;0.9976;3.28;0.62;9.4
0.08;32.0;0.9974;3.13;0.55;9.5
0.077;45.0;0.9974;3.49;0.96;12.1
0.124;58.0;0.9997;3.46;0.72;10.2
0.098;15.0;0.9988;3.36;0.49;9.1
0.0969999999999999;31.0;0.9976;3.27;0.6;9.3
0.111;84.0;0.9964;3.21;0.61;9.3
0.105;19.0;0.9988;3.25;0.63;9.5
0.087;43.0;0.9964;3.32;0.57;10.5
0.105;86.0;1.001;3.43;0.64;11.3
0.073;102.0;0.9964;3.27;0.58;9.5
0.065;33.0;0.9954;3.27;0.55;9.7
0.086;147.0;0.9979;3.24;0.53;9.4
0.084;145.0;0.9978;3.24;0.53;9.4
0.143;23.0;0.9964;3.35;0.65;10.2
0.067;57.0;0.997;3.18;1.36;10.3
0.071;40.0;0.9991;3.39;0.62;9.4
0.071;68.0;0.9992;3.46;0.63;9.5
0.115;11.0;0.9984;3.37;0.69;10.1
0.107;20.0;0.9972;3.4;0.63;10.1
0.07;14.0;0.9967;3.32;0.58;11.0
0.066;28.0;0.9964;3.33;0.67;11.2
0.068;148.0;0.9948;3.16;0.57;11.3
0.106;32.0;0.9986;2.89;0.5;9.6
0.104;155.0;1.001;3.41;0.67;11.2
0.096;71.0;0.9976;2.98;0.84;14.9
0.079;30.0;0.9976;3.12;0.54;12.0
0.074;29.0;0.9979;3.08;0.46;9.5
0.087;53.0;1.0004;3.14;0.61;9.4
0.073;42.0;0.998;2.92;0.68;10.5
0.074;20.0;0.9973;3.32;0.81;9.6
0.096;13.0;0.997;3.41;0.57;11.0
0.08;42.0;0.9978;3.31;0.64;9.0
0.076;27.0;0.9972;3.36;0.7;9.6
0.05;13.0;0.9974;3.04;0.79;10.2
0.092;54.0;1.0;3.03;0.66;10.2
0.084;48.0;0.9981;3.14;0.56;9.7
0.222;16.0;0.998;3.18;0.6;9.5
0.0819999999999999;15.0;0.9988;2.94;0.66;9.2
0.059;31.0;0.9966;3.15;0.57;11.0
0.083;45.0;0.9959;3.26;0.58;10.0
0.074;13.0;0.9968;3.2;0.52;9.5
0.079;151.0;0.998;3.15;0.53;9.5
0.084;17.0;0.9984;3.08;0.67;9.3
0.064;31.0;0.9984;3.26;0.65;10.2
0.084;31.0;0.9979;3.4;0.48;9.9
0.081;87.0;0.9983;3.48;0.53;10.0
0.06;49.0;0.9972;3.13;0.54;9.6
0.07;40.0;1.0004;3.06;0.49;9.0
0.094;29.0;0.9962;3.21;0.49;10.2
0.078;58.0;0.998;3.33;0.54;9.8
0.059;15.0;0.997;3.37;0.56;11.3
0.078;152.0;0.998;3.25;0.48;9.4
0.07;40.0;0.997;3.44;0.6;9.1
0.095;38.0;0.9998;3.28;0.59;9.7
0.039;9.0;0.9962;3.4;0.47;9.4
0.157;17.0;0.9976;3.3;1.05;9.4
0.0969999999999999;14.0;0.9966;3.63;0.54;10.7
0.087;93.0;0.9998;3.48;0.54;9.8
0.422;62.0;0.9979;3.03;1.17;9.0
0.084;122.0;0.9984;3.32;0.62;9.4
0.084;125.0;0.9984;3.31;0.61;9.4
0.034;44.0;0.9921;3.9;0.62;12.8
0.066;25.0;0.9972;3.47;0.67;9.5
0.087;72.0;1.0001;3.31;0.53;9.7
0.071;19.0;0.9986;3.11;0.62;10.8
0.076;88.0;0.9984;3.08;0.57;10.1
0.067;23.0;0.997;3.47;0.67;9.4
0.073;84.0;0.9972;3.32;0.7;9.6
0.078;14.0;0.998;3.29;0.54;9.7
0.073;54.0;0.999;3.37;0.49;9.9
0.093;19.0;0.9956;3.4;0.47;10.0
0.077;37.0;0.9966;3.37;0.51;10.5
0.068;35.0;0.996;3.34;0.61;11.6
0.062;33.0;0.9983;3.27;0.66;10.0
0.08;84.0;0.9985;3.06;0.57;10.1
0.093;112.0;0.9998;3.38;0.61;9.5
0.084;33.0;0.9992;3.36;0.45;9.4
0.075;48.0;0.9976;3.34;0.46;9.4
0.078;77.0;0.998;3.28;0.51;9.8
0.069;34.0;0.9967;3.29;0.48;9.2
0.079;49.0;0.9968;3.21;0.57;10.0
0.0819999999999999;22.0;0.9976;3.22;0.44;9.6
0.086;45.0;0.9976;3.46;0.54;9.5
0.094;106.0;0.9982;3.1;0.53;9.2
0.084;48.0;0.9968;3.21;0.59;10.0
0.053;127.0;0.9965;2.94;1.62;9.5
0.086;12.0;0.9958;3.54;0.6;11.2
0.077;13.0;0.9976;3.29;0.55;10.4
0.084;49.0;0.9994;3.43;0.72;11.1
0.067;11.0;0.997;3.46;0.68;9.5
0.071;58.0;0.995;3.61;0.49;12.7
0.387;37.0;0.9982;3.17;0.67;9.6
0.088;14.0;0.9994;3.44;0.52;11.5
0.092;19.0;0.9966;3.39;0.47;9.6
0.0819999999999999;72.0;0.998;3.55;0.6;9.5
0.075;39.0;0.9987;3.48;0.62;9.3
0.1119999999999999;22.0;0.9963;3.26;0.5;9.5
0.093;58.0;1.0002;3.5;0.65;9.3
0.092;104.0;0.9983;3.1;0.56;9.2
0.088;38.0;0.999;3.35;0.6;9.3
0.075;16.0;0.9965;3.45;0.68;11.5
0.078;139.0;0.99788;3.21;0.57;9.5
0.065;18.0;0.9972;3.46;0.65;9.2
0.096;101.0;1.00024;3.13;0.53;10.0
0.095;101.0;1.0001;3.13;0.51;9.5
0.07;28.0;0.99768;3.52;0.73;9.5
0.08;57.0;0.9978;3.3;0.47;9.0
0.083;68.0;0.99782;3.3;0.48;9.4
0.071;31.0;0.99761;3.52;0.72;9.6
0.089;40.0;0.99803;3.29;0.55;9.5
0.0969999999999999;66.0;0.99785;3.39;0.61;9.4
0.415;32.0;0.99656;3.09;1.06;9.1
0.0579999999999999;47.0;0.99525;3.51;0.43;10.7
0.057;33.0;0.99488;3.6;0.46;11.2
0.084;31.0;0.99656;3.25;0.5;9.8
0.092;88.0;0.99823;3.19;0.52;9.2
0.075;104.0;0.99779;3.23;0.57;9.7
0.096;35.0;0.99738;3.25;0.42;9.6
0.069;19.0;0.99701;3.31;0.53;10.0
0.093;44.0;0.99888;3.31;0.55;9.5
0.091;48.0;0.99888;3.31;0.54;9.5
0.089;74.0;0.99738;3.14;0.54;9.4
0.103;98.0;0.99938;3.45;0.62;9.5
0.0819999999999999;94.0;0.99744;3.55;0.53;9.7
0.076;32.0;0.99668;3.39;0.54;9.6
0.0819999999999999;143.0;0.9978;3.28;0.55;9.4
0.0819999999999999;144.0;0.99782;3.27;0.55;9.4
0.157;44.0;0.9973;3.3;0.92;9.5
0.157;45.0;0.99727;3.31;0.91;9.5
0.102;16.0;0.99586;3.43;0.46;10.0
0.243;48.0;0.99612;3.4;0.6;10.3
0.241;18.0;0.9961;3.4;0.59;10.3
0.079;34.0;0.99788;3.36;0.61;10.5
0.076;92.0;0.99745;3.5;0.6;9.8
0.19;45.0;0.99676;3.31;0.6;9.4
0.114;37.0;0.99732;3.66;0.65;9.8
0.081;96.0;0.99814;3.36;0.53;10.0
0.077;85.0;0.99746;3.55;0.59;9.8
0.083;61.0;0.9982;3.21;0.5;9.5
0.079;58.0;0.9991;3.18;0.56;10.1
0.099;119.0;0.998;3.09;0.52;9.3
0.0819999999999999;82.0;0.99708;3.33;0.68;9.7
0.084;130.0;0.99818;3.23;0.54;9.6
0.081;87.0;0.99745;3.48;0.6;9.7
0.055;13.0;0.99639;3.38;0.56;10.8
0.065;26.0;0.99531;3.17;0.53;12.5
0.132;60.0;0.99786;2.99;1.18;10.2
0.126;64.0;0.99746;3.1;0.74;9.6
0.038;42.0;0.99526;3.24;0.81;10.8
0.0819999999999999;14.0;0.9987;3.29;0.52;10.7
0.0819999999999999;108.0;0.99641;3.25;0.51;9.4
0.068;17.0;0.99735;3.23;0.44;10.0
0.044;86.0;0.99264;3.56;0.94;12.9
0.114;46.0;0.9971;3.24;0.66;9.6
0.084;18.0;0.99682;3.26;0.57;9.9
0.052;10.0;0.99356;3.33;0.7;12.8
0.0409999999999999;10.0;0.99386;3.27;0.71;12.5
0.165;12.0;0.99702;3.26;0.86;9.2
0.07;15.0;0.99693;3.22;0.55;10.3
0.068;14.0;0.99562;3.3;0.47;10.5
0.072;24.0;1.00012;3.09;0.68;10.9
0.099;38.0;0.99818;3.24;0.71;10.8
0.102;7.0;0.99462;3.44;0.58;11.4
0.103;41.0;0.99939;3.21;0.76;11.3
0.081;30.0;0.9984;3.23;0.58;10.5
0.084;27.0;0.99545;3.28;0.73;11.9
0.071;47.0;0.99632;3.29;0.45;9.4
0.0969999999999999;59.0;0.99976;3.28;0.54;9.6
0.099;22.0;0.99606;3.34;0.6;9.7
0.048;42.0;0.99154;3.71;0.74;14.0
0.076;36.0;0.9973;3.61;0.64;9.8
0.068;16.0;0.99682;3.24;0.53;10.3
0.076;37.0;0.99624;3.36;0.49;10.7
0.05;8.0;0.9951;3.4;0.64;11.0
0.065;45.0;0.99417;3.46;0.74;12.7
0.071;24.0;0.99376;3.56;0.77;11.1
0.0579999999999999;9.0;0.99632;3.38;0.55;10.9
0.145;48.0;0.99832;3.38;0.86;9.9
0.147;51.0;0.99836;3.38;0.86;9.9
0.088;23.0;0.99694;3.32;0.47;9.4
0.066;55.0;0.99655;3.39;0.51;9.3
0.012;100.0;0.99064;3.26;0.39;11.7
0.075;28.0;0.99672;3.24;0.83;11.2
0.092;26.0;0.99647;3.46;0.47;10.0
0.085;34.0;0.99736;3.24;0.77;12.1
0.115;31.0;0.99629;3.45;0.63;10.3
0.119;68.0;0.99708;3.23;0.72;10.9
0.088;92.0;0.9963;3.28;0.62;9.4
0.062;42.0;0.9959;3.18;0.83;10.6
0.081;31.0;0.99689;3.59;0.66;9.8
0.078;39.0;0.9977;3.5;0.7;9.9
0.08;32.0;0.99689;3.58;0.66;9.8
0.085;22.0;0.99708;3.28;0.55;9.5
0.08;122.0;0.99801;3.22;1.07;9.7
0.08;55.0;0.99652;3.47;0.73;10.9
0.071;14.0;0.99538;3.51;0.71;11.7
0.073;47.0;0.99594;3.4;0.78;11.3
0.054;32.0;0.99686;3.15;0.67;10.6
0.074;24.0;0.99438;3.4;0.82;11.2
0.077;85.0;0.99746;3.51;0.54;9.5
0.039;88.0;0.99357;3.66;0.6;11.5
0.067;25.0;0.99628;3.24;0.44;10.4
0.078;84.0;0.99746;3.51;0.53;9.7
0.077;86.0;0.99748;3.51;0.54;9.7
0.071;24.0;0.99438;3.41;0.83;11.3
0.072;22.0;0.99438;3.4;0.84;11.2
0.08;43.0;0.99578;3.44;0.64;10.9
0.064;43.0;0.99371;3.41;0.57;11.8
0.086;46.0;0.99522;3.53;0.57;10.6
0.067;48.0;0.99576;3.43;0.54;10.0
0.067;10.0;0.99552;3.23;0.58;11.1
0.104;10.0;0.99664;3.12;0.65;11.8
0.109;16.0;0.99614;3.31;0.79;11.8
0.067;14.0;0.99517;3.4;0.58;10.9
0.094;69.0;0.99787;3.22;0.5;10.0
0.076;88.0;0.99745;3.53;0.55;9.5
0.078;21.0;0.99576;3.15;0.49;9.9
0.068;35.0;0.99533;3.48;0.65;11.4
0.1939999999999999;26.0;0.99536;3.22;0.78;12.0
0.086;30.0;0.99824;3.34;0.64;10.5
0.083;28.0;0.99836;3.33;0.65;10.4
0.066;56.0;0.99577;3.15;0.79;12.1
0.072;64.0;0.99491;3.43;0.56;11.2
0.1119999999999999;99.0;1.00289;3.22;0.68;9.3
0.071;52.0;0.99576;3.44;0.58;10.1
0.078;86.0;0.99743;3.53;0.57;9.7
0.0819999999999999;18.0;0.99774;3.22;0.65;9.3
0.08;88.0;0.99745;3.53;0.58;9.8
0.08;43.0;0.9955;3.42;0.58;10.7
0.078;43.0;0.99444;3.31;0.77;12.5
0.084;11.0;0.99892;3.48;0.49;11.0
0.0559999999999999;39.0;0.99562;3.4;0.69;11.8
0.08;33.0;0.99736;3.58;0.69;10.8
0.06;18.0;0.9962;3.41;0.59;10.8
0.081;115.0;0.998;3.23;0.59;9.5
0.084;78.0;0.9964;3.39;0.71;11.0
0.079;9.0;0.9948;3.59;0.54;11.5
0.078;61.0;0.99528;3.43;0.59;10.8
0.059;11.0;0.99331;3.29;0.52;11.5
0.132;11.0;0.99577;3.23;0.57;13.2
0.114;9.0;0.99901;3.18;0.6;10.9
0.065;8.0;0.99674;3.33;0.62;12.2
0.094;10.0;0.99639;3.27;0.64;12.2
0.079;6.0;0.99512;3.27;0.67;11.9
0.161;62.0;0.99395;3.62;0.61;11.0
0.084;45.0;0.99824;3.38;0.64;10.1
0.081;79.0;0.9964;3.3;0.72;11.0
0.072;46.0;0.99504;3.38;0.89;11.8
0.091;23.0;0.99786;3.24;0.56;10.5
0.055;28.0;0.99516;3.18;0.8;11.2
0.064;77.0;0.99604;3.47;0.87;11.0
0.061;73.0;0.99786;3.47;0.9;10.2
0.093;75.0;0.99736;3.2;0.59;9.2
0.063;19.0;0.99468;3.3;0.73;12.0
0.08;25.0;0.99746;3.69;0.73;10.5
0.074;38.0;0.99748;3.48;0.65;9.8
0.078;66.0;0.9971;3.45;0.59;9.5
0.06;72.0;0.99543;3.39;0.72;11.8
0.071;26.0;0.99791;3.07;0.6;10.4
0.068;42.0;0.99356;3.34;0.72;12.9
0.073;11.0;0.99425;3.61;0.54;11.4
0.074;25.0;0.99509;3.36;0.76;12.4
0.0819999999999999;17.0;0.99484;3.19;0.52;12.5
0.092;52.0;0.99834;3.22;0.64;10.0
0.094;45.0;0.99864;3.24;0.6;9.7
0.09;24.0;0.99498;3.27;0.64;12.1
0.071;20.0;0.99566;3.14;0.79;11.1
0.092;24.0;0.99745;3.29;0.99;12.0
0.093;12.0;0.99408;3.26;0.62;12.4
0.075;21.0;0.99552;3.41;0.76;11.9
0.0579999999999999;10.0;0.99536;3.31;0.68;11.2
0.052;9.0;0.99458;3.2;0.69;12.1
0.0819999999999999;11.0;0.99538;3.44;0.54;12.2
0.09;23.0;0.99648;3.36;0.67;10.4
0.111;10.0;0.99568;3.31;0.62;11.3
0.088;51.0;0.99613;3.29;0.58;11.1
0.12;36.0;0.99519;3.47;0.71;11.3
0.089;32.0;0.99735;3.36;0.61;10.0
0.0579999999999999;38.0;0.99518;3.16;0.85;11.1
0.078;18.0;0.99592;3.27;0.62;9.3
0.115;16.0;0.99654;3.38;0.69;9.5
0.1;27.0;0.99546;3.15;0.69;11.2
0.065;48.0;0.99554;3.34;0.86;11.0
0.103;10.0;0.99604;3.13;0.58;11.9
0.0969999999999999;113.0;0.99733;3.13;0.48;9.2
0.068;46.0;0.9943;3.2;0.6;12.2
0.079;22.0;0.99669;3.46;0.61;10.2
0.066;10.0;0.99724;3.33;0.87;10.9
0.104;13.0;0.99643;3.22;0.65;11.6
0.079;12.0;0.99605;3.52;0.63;10.7
0.073;13.0;0.99658;3.3;0.62;12.1
0.083;72.0;0.997;3.44;0.52;9.4
0.109;119.0;0.99801;3.15;0.5;9.1
0.061;29.0;0.99416;3.28;0.49;11.3
0.075;6.0;0.9969;3.13;0.63;10.4
0.065;17.0;0.99774;3.32;0.71;10.5
0.079;28.0;0.99712;3.25;0.62;10.0
0.07;70.0;0.99418;3.34;0.82;12.9
0.064;11.0;0.99562;3.45;0.58;11.3
0.066;7.0;0.9947;3.19;0.55;11.4
0.08;70.0;0.99693;3.44;0.5;9.4
0.0969999999999999;27.0;0.99596;3.16;0.49;9.4
0.073;21.0;0.99556;3.14;0.51;10.9
0.0819999999999999;68.0;0.99694;3.45;0.48;9.4
0.076;47.0;0.99554;3.36;0.48;9.4
0.092;88.0;0.99918;3.15;0.43;9.4
0.079;41.0;0.99697;3.39;0.62;10.1
0.087;11.0;0.99378;3.71;0.63;12.8
0.05;10.0;0.99554;3.12;0.48;9.1
0.055;12.0;0.99162;3.47;0.53;12.9
0.062;12.0;0.99495;3.44;0.72;11.5
0.0579999999999999;47.0;0.99676;3.26;0.82;10.6
0.063;27.0;0.99516;3.26;0.84;11.7
0.067;8.0;0.9928;3.36;0.55;12.8
0.081;45.0;0.99603;3.25;0.54;10.3
0.064;25.0;0.99516;3.26;0.84;11.7
0.11;24.0;0.99549;3.23;0.7;12.0
0.1159999999999999;55.0;0.99722;3.18;0.68;10.9
0.067;12.0;0.99354;3.25;0.55;12.3
0.088;19.0;0.9957;3.17;0.55;10.4
0.102;32.0;0.99604;3.23;0.48;10.0
0.092;31.0;0.99635;3.38;0.58;10.0
0.12;7.0;0.99454;3.22;0.58;11.2
0.075;27.0;0.99598;3.06;0.84;11.4
0.068;28.0;0.99486;3.27;0.75;12.6
0.049;109.0;0.99007;2.89;0.44;12.7
0.078;23.0;0.99636;3.53;0.61;10.4
0.123;8.0;0.99642;3.2;0.53;11.9
0.062;9.0;0.99584;3.35;0.54;10.5
0.098;9.0;0.99506;3.27;0.55;12.3
0.088;18.0;0.99568;3.32;0.56;10.5
0.095;43.0;0.99822;3.33;0.6;10.4
0.066;36.0;0.99364;3.41;0.56;12.6
0.065;52.0;0.99378;3.49;0.52;11.6
0.075;68.0;0.99586;3.37;0.54;10.1
0.091;14.0;0.99488;3.42;0.55;11.5
0.093;15.0;0.99514;3.35;0.58;11.0
0.095;14.0;0.99854;3.36;0.53;9.6
0.089;27.0;0.99592;3.3;0.59;10.4
0.077;48.0;0.99739;3.2;0.47;9.7
0.085;17.0;0.99683;3.17;0.65;10.6
0.0819999999999999;35.0;0.99356;3.22;0.59;12.5
0.074;56.0;0.99672;3.35;0.56;9.2
0.078;42.0;0.9953;3.24;0.77;12.6
0.088;39.0;0.99692;3.33;0.83;11.1
0.088;32.0;0.99756;3.58;0.67;10.2
0.079;26.0;0.99547;3.38;0.64;9.8
0.069;39.0;0.99859;3.29;0.81;10.9
0.046;53.0;0.99294;3.36;0.62;12.2
0.07;38.0;0.99438;3.32;0.58;11.4
0.076;45.0;0.99612;3.31;0.62;10.7
0.0819999999999999;51.0;0.99634;3.49;0.64;10.4
0.081;14.0;0.99702;3.27;0.78;10.9
0.084;17.0;0.99704;3.27;0.77;10.8
0.414;45.0;0.99702;3.03;1.34;9.2
0.073;25.0;0.99258;3.56;0.55;12.9
0.07;20.0;0.99426;3.38;0.77;12.7
0.095;77.0;0.99747;3.13;0.62;9.1
0.1009999999999999;10.0;0.99586;3.21;0.59;12.1
0.104;90.0;0.99784;3.15;0.57;9.1
0.093;52.0;0.9971;3.19;0.76;11.6
0.074;8.0;0.9981;3.14;0.7;9.9
0.071;16.0;0.99462;3.21;0.69;12.5
0.098;15.0;0.9956;3.3;0.64;11.4
0.075;17.0;0.99565;3.22;0.63;11.8
0.067;10.0;0.99418;3.28;0.57;11.8
0.083;20.0;0.9963;3.29;0.6;10.2
0.07;26.0;0.99358;3.4;0.72;12.5
0.06;10.0;0.99572;3.02;0.83;10.9
0.086;52.0;0.997;3.31;0.62;10.8
0.057;37.0;0.99498;3.18;0.89;11.1
0.098;92.0;0.99892;3.2;0.58;9.2
0.083;75.0;0.9968;3.4;0.58;9.5
0.088;37.0;0.9972;3.31;0.58;10.7
0.071;67.0;0.99769;3.44;0.86;10.2
0.073;8.0;0.99534;3.15;0.73;11.4
0.08;8.0;0.99817;3.27;0.58;11.0
0.05;278.0;0.99316;3.01;0.51;12.3
0.047;8.0;0.99471;3.16;0.51;11.8
0.05;289.0;0.99316;3.01;0.51;12.3
0.073;70.0;0.99685;3.42;0.59;9.5
0.072;59.0;0.99617;3.33;0.77;12.0
0.074;64.0;0.99529;3.12;0.49;9.6
0.055;9.0;0.99738;3.38;0.66;11.6
0.057;30.0;0.994;3.29;0.69;11.2
0.095;41.0;0.99735;3.02;0.76;9.9
0.083;74.0;0.99451;2.98;0.63;11.8
0.086;19.0;0.99546;3.35;0.6;11.4
0.081;16.0;0.99479;3.43;0.59;11.5
0.079;31.0;0.99615;3.33;0.86;12.0
0.1169999999999999;17.0;0.99655;3.35;0.49;10.8
0.087;20.0;0.99772;3.15;0.5;10.5
0.096;18.0;0.99666;3.2;0.52;9.4
0.216;16.0;0.99358;3.15;0.81;12.5
0.072;36.0;0.99392;3.11;0.78;12.4
0.071;25.0;0.99388;3.35;0.63;12.0
0.078;30.0;0.99402;3.45;0.54;11.2
0.073;25.0;0.9936;3.28;0.66;12.4
0.048;49.0;0.99374;3.41;0.6;12.8
0.069;17.0;0.99376;3.21;0.54;12.3
0.068;24.0;0.99523;3.27;0.85;11.7
0.09;13.0;0.99855;3.36;0.49;9.5
0.171;66.0;0.9982;3.17;0.76;10.8
0.07;14.0;0.99593;3.25;0.64;10.0
0.092;55.0;0.99471;3.78;0.64;12.3
0.0559999999999999;35.0;0.99396;3.29;0.71;11.0
0.074;10.0;0.99698;3.12;0.59;9.5
0.046;80.0;0.9902;3.49;0.66;13.6
0.091;21.0;0.99572;3.38;0.6;11.3
0.065;24.0;0.99252;3.3;0.53;13.3
0.066;15.0;0.99256;3.52;0.58;12.9
0.076;17.0;0.99235;3.2;0.72;13.1
0.062;28.0;0.99352;3.44;0.55;12.3
0.055;33.0;0.9922;3.45;0.48;12.3
0.081;29.0;0.99674;3.12;0.65;11.2
0.096;13.0;0.99557;3.62;0.62;11.5
0.055;27.0;0.99394;3.14;0.59;11.3
0.063;11.0;0.9915;3.39;0.54;13.5
0.072;52.0;0.99379;3.51;0.6;11.5
0.095;89.0;0.9984;3.22;0.68;10.0
0.092;70.0;0.99798;3.21;0.69;10.5
0.0579999999999999;10.0;0.9977;3.18;0.63;10.4
0.045;135.0;0.99341;3.32;0.44;9.5
0.075;38.0;0.9933;3.38;0.88;13.6
0.089;18.0;0.99684;3.37;0.68;11.2
0.061;15.0;0.99524;3.3;0.74;11.8
0.067;50.0;0.9946;3.38;0.6;11.9
0.08;13.0;0.99774;3.22;0.76;11.4
0.104;94.0;0.99786;3.14;0.58;9.1
0.079;86.0;0.99764;3.34;0.64;9.5
0.08;79.0;0.9969;3.41;0.65;9.5
0.08;71.0;0.99624;3.27;0.85;11.0
0.043;12.0;0.99354;3.3;0.65;11.4
0.065;20.0;0.99672;3.61;0.82;10.0
0.066;70.0;0.99588;3.43;0.62;10.1
0.076;51.0;0.99672;3.53;0.81;10.4
0.178;21.0;0.996;3.28;0.87;9.8
0.071;14.0;0.99702;3.21;0.49;11.8
0.086;21.0;0.99526;3.39;0.66;11.6
0.061;11.0;0.99585;3.23;0.52;12.0
0.067;12.0;0.99473;3.3;0.76;12.8
0.044;70.0;0.99352;3.46;0.65;12.5
0.118;38.0;0.99616;3.15;0.53;9.8
0.083;38.0;0.99622;3.23;0.66;11.1
0.1;63.0;0.99544;3.59;0.68;11.4
0.071;88.0;0.99524;3.33;0.76;11.8
0.042;101.0;0.9924;3.46;0.87;12.9
0.076;54.0;0.99572;3.42;1.16;10.6
0.11;37.0;0.99728;3.16;0.67;10.8
0.087;20.0;0.99676;3.14;0.72;11.1
0.076;21.0;0.99551;3.21;0.75;10.2
0.075;19.0;0.99434;3.14;0.71;11.8
0.078;21.0;0.99692;3.29;0.67;10.0
0.369;38.0;0.99634;3.01;1.1;9.4
0.111;60.0;0.99709;2.94;0.98;10.2
0.074;48.0;0.99528;3.32;0.88;12.4
0.067;44.0;0.99384;3.21;0.56;12.0
0.086;14.0;0.99502;3.32;0.62;11.5
0.062;12.0;0.99667;3.2;0.67;10.5
0.078;44.0;0.99522;3.42;0.68;10.8
0.074;16.0;0.99649;3.27;0.74;12.3
0.079;65.0;0.99716;3.46;0.62;9.5
0.095;59.0;0.99541;3.61;0.7;11.5
0.079;47.0;0.99572;3.58;0.5;11.2
0.052;11.0;0.99318;3.35;0.66;12.7
0.0409999999999999;78.0;0.99346;3.68;0.73;11.4
0.076;47.0;0.99599;3.27;0.81;11.0
0.068;11.0;0.99478;3.19;0.46;11.4
0.068;54.0;0.99754;3.38;0.86;10.5
0.07;61.0;0.99572;3.29;0.6;9.3
0.08;119.0;0.99538;3.36;0.7;10.9
0.085;39.0;0.99346;3.33;0.46;11.9
0.079;12.0;0.9963;3.52;0.5;12.2
0.075;19.0;0.99616;3.3;0.44;9.6
0.08;20.0;0.99652;3.28;0.57;12.5
0.166;12.0;0.99551;3.56;0.51;10.8
0.063;41.0;0.99439;3.52;0.8;12.4
0.114;64.0;0.99588;3.22;0.59;9.5
0.078;56.0;0.99633;3.52;0.6;9.5
0.076;94.0;0.99686;3.21;0.58;9.5
0.069;9.0;0.99458;3.16;0.54;9.8
0.052;77.0;0.9951;3.15;0.79;10.9
0.065;10.0;0.99419;3.27;0.54;11.2
0.068;12.0;0.99516;3.35;0.69;11.7
0.111;76.0;0.99878;3.14;0.55;9.4
0.074;44.0;0.99534;3.4;0.85;11.0
0.136;52.0;0.99752;3.35;0.94;10.0
0.071;24.0;0.99428;3.45;0.87;11.2
0.078;15.0;0.99498;3.35;0.62;10.4
0.076;53.0;0.9957;3.32;0.62;9.3
0.071;13.0;0.99659;3.15;0.75;10.5
0.081;9.0;0.99628;3.1;0.48;10.4
0.095;29.0;0.99488;3.26;0.56;11.3
0.079;79.0;0.99677;3.29;0.69;9.5
0.057;74.0;0.99408;3.23;0.81;12.0
0.0819999999999999;24.0;0.996;3.24;0.69;10.6
0.044;50.0;0.99478;3.2;0.83;10.9
0.132;44.0;0.99734;3.28;0.77;11.5
0.078;89.0;0.99678;3.26;0.46;9.6
0.074;23.0;0.99638;3.23;0.76;12.0
0.08;20.0;0.9992;3.07;0.82;10.3
0.091;77.0;0.99922;3.15;0.51;9.4
0.08;46.0;0.99592;3.02;0.47;9.2
0.104;21.0;0.99769;3.27;0.72;9.6
0.044;88.0;0.99157;3.68;0.73;13.6
0.075;66.0;0.99718;3.4;0.64;9.5
0.066;58.0;0.9947;3.37;0.78;11.8
0.074;90.0;0.99621;3.38;0.62;10.8
0.057;36.0;0.99614;3.23;0.49;9.3
0.059;18.0;0.99242;3.39;0.4;12.8
0.054;113.0;0.99572;3.3;0.56;11.5
0.07;17.0;0.99659;3.26;0.64;9.4
0.081;24.0;0.99798;3.38;0.46;9.6
0.057;20.0;0.99488;3.45;0.56;11.8
0.076;60.0;0.99494;3.1;0.4;9.3
0.079;65.0;0.99729;3.16;0.59;9.8
0.0579999999999999;40.0;0.99414;3.22;0.6;12.2
0.0819999999999999;86.0;0.9983;3.37;0.62;9.5
0.067;160.0;0.99721;3.33;0.54;10.3
0.0819999999999999;34.0;0.99655;3.49;0.68;10.5
0.086;48.0;0.99502;3.12;0.48;10.0
0.081;36.0;0.9949;3.41;0.75;11.1
0.079;37.0;0.99514;3.4;0.61;10.9
0.077;60.0;0.9963;3.28;0.59;9.8
0.123;14.0;0.99627;3.45;0.58;9.8
0.096;13.0;0.99569;3.43;0.58;9.5
0.079;35.0;0.99628;3.4;0.69;10.9
0.069;46.0;0.99358;3.47;0.45;11.0
0.0819999999999999;60.0;0.99499;3.1;0.42;9.2
0.085;69.0;0.99633;3.32;0.7;11.0
0.123;33.0;0.99538;3.44;0.63;11.3
0.4029999999999999;56.0;0.99632;3.02;1.15;9.3
0.083;24.0;0.99437;3.59;0.55;11.2
0.081;66.0;0.99726;3.15;0.58;9.8
0.089;26.0;0.9978;3.37;0.46;9.6
0.066;51.0;0.99456;3.38;0.72;11.8
0.081;36.0;0.99564;3.38;0.6;10.3
0.068;19.0;0.996;3.1;0.87;11.4
0.079;51.0;0.99668;3.47;0.55;9.5
0.044;87.0;0.9908;3.5;0.82;14.0
0.048;60.0;0.99084;3.7;0.75;14.0
0.049;64.0;0.9935;3.38;0.57;11.7
0.077;44.0;0.99385;3.5;0.53;11.2
0.073;44.0;0.99494;3.1;0.43;9.3
0.102;36.0;0.9944;3.24;0.53;11.2
0.075;81.0;0.99688;3.24;0.54;9.5
0.05;10.0;0.99566;3.28;0.56;12.0
0.114;10.0;0.99636;3.35;0.6;9.7
0.062;9.0;0.9948;3.14;0.57;11.5
0.077;54.0;0.9956;3.37;0.64;10.4
0.084;22.0;0.99619;3.33;0.68;10.9
0.096;69.0;0.99734;3.26;0.63;10.2
0.071;36.0;0.99476;3.39;0.56;10.9
0.09;47.0;0.99734;3.15;0.57;10.5
0.068;31.0;0.99328;3.35;0.54;12.4
0.0559999999999999;7.0;0.99286;3.22;0.37;13.0
0.068;110.0;0.99914;3.3;1.17;10.2
0.1;12.0;0.99521;3.36;0.59;11.0
0.073;60.0;0.99638;3.29;0.75;10.9
0.0559999999999999;28.0;0.99362;3.62;0.67;12.4
0.084;12.0;0.99672;3.34;0.49;9.7
0.093;77.5;0.99558;3.2;0.45;9.5
0.064;29.0;0.99323;3.35;0.61;12.1
0.063;18.0;0.99191;3.45;0.56;12.2
0.1369999999999999;9.0;0.99476;3.5;0.4;10.9
0.08;28.0;0.99444;3.78;0.61;12.5
0.1;57.0;0.99598;3.6;0.74;11.7
0.064;15.0;0.99576;3.3;0.8;11.2
0.081;68.0;0.99501;3.36;0.66;11.2
0.087;68.0;0.9955;3.12;0.44;9.2
0.073;88.0;0.99612;3.3;0.53;9.8
0.088;91.0;0.9979;3.29;0.62;10.1
0.068;29.0;0.99524;3.41;0.52;11.1
0.071;63.0;0.996;3.28;0.61;9.2
0.064;27.0;0.9929;3.33;0.59;12.8
0.083;41.0;0.99532;3.34;0.47;10.5
0.086;65.0;0.99558;3.4;0.54;10.1
0.086;69.0;0.99556;3.4;0.53;10.1
0.083;91.0;0.99616;3.26;0.58;9.8
0.0409999999999999;46.0;0.99258;4.01;0.59;12.5
0.091;41.0;0.99638;3.18;0.69;11.9
0.414;64.0;0.99652;2.9;1.33;9.1
0.094;88.0;0.99796;3.26;0.66;10.1
0.0579999999999999;18.0;0.99392;3.18;0.55;11.4
0.06;55.0;0.99495;3.18;0.82;11.0
0.077;34.0;0.9948;3.39;0.6;10.6
0.073;38.0;0.9955;3.34;0.52;9.3
0.083;91.0;0.99616;3.29;0.56;9.8
0.107;67.0;0.99668;3.26;0.46;9.2
0.075;25.0;0.99581;3.09;0.43;9.7
0.079;48.0;0.9976;3.18;0.51;9.6
0.166;11.0;0.99608;3.39;0.52;10.0
0.069;40.0;0.99387;3.38;0.66;12.6
0.057;26.0;0.99448;3.36;0.45;9.5
0.084;31.0;0.99538;3.36;0.54;10.5
0.085;31.0;0.99589;3.37;0.51;10.4
0.077;20.0;0.99852;3.09;0.53;11.0
0.063;28.0;0.99613;3.25;0.53;10.2
0.0559999999999999;13.0;0.99472;3.52;0.56;11.4
0.078;12.0;0.99587;3.34;0.39;9.5
0.081;41.0;0.99518;3.41;0.52;10.8
0.069;73.0;0.99654;3.34;0.57;10.0
0.065;46.0;0.99332;3.32;0.51;11.8
0.086;57.0;0.9969;3.37;0.46;10.3
0.077;28.0;0.99568;3.35;0.52;10.0
0.086;32.0;0.99464;3.36;0.44;10.1
0.084;28.0;0.99464;3.36;0.44;10.1
0.078;67.0;0.99648;3.6;0.59;11.1
0.168;98.0;0.99736;3.28;0.5;9.5
0.091;28.0;0.99704;3.07;0.65;10.0333333333333
0.1119999999999999;38.0;0.99699;3.24;0.56;10.9
0.093;54.0;0.99724;3.36;0.54;10.1
0.08;63.0;0.99652;3.29;0.48;9.8
0.096;31.0;0.995;3.46;0.53;11.8
0.115;42.0;0.9971;3.18;0.62;9.5
0.094;45.0;0.99576;3.24;0.5;9.8
0.088;105.0;0.99725;3.25;1.18;10.5
0.079;74.0;0.99656;3.27;0.5;9.8
0.069;8.0;0.99396;3.33;0.37;10.4
0.415;66.0;0.99623;3.0;1.17;9.2
0.153;14.0;0.99476;3.21;1.03;11.6
0.11;89.0;0.99664;3.24;0.45;9.3
0.267;29.0;0.99471;3.32;0.51;9.8
0.083;100.0;0.99586;3.26;0.52;9.9
0.086;31.0;0.9946;3.11;0.46;10.0
0.09;74.0;0.9953;3.71;0.62;12.2
0.078;28.0;0.99609;3.29;0.51;9.9
0.077;35.0;0.99557;3.36;0.62;10.8
0.074;25.0;0.99534;3.38;0.45;9.6
0.08;105.0;0.99613;3.3;0.49;9.9
0.107;84.0;0.99593;3.19;0.5;9.5
0.076;85.0;0.99668;3.19;0.42;9.2
0.1;23.0;0.9961;3.3;0.58;9.6
0.083;49.0;0.99718;3.35;0.68;10.3
0.08;111.0;0.99524;3.1;0.53;9.7
0.068;33.0;0.99292;3.58;0.59;12.5
0.094;33.0;0.99612;3.37;0.58;11.0
0.07;12.0;0.9942;3.17;0.48;9.8
0.078;59.0;0.99612;3.3;0.48;10.2
0.07;73.0;0.99669;3.32;0.48;9.2
0.092;12.0;0.99745;3.31;0.65;9.55
0.09;11.0;0.99745;3.31;0.65;9.55
0.08;104.0;0.99584;3.28;0.52;9.9
0.083;28.0;0.9966;3.52;0.62;10.2
0.068;24.0;0.9956;3.42;0.72;11.1
0.08;141.0;0.9962;3.25;0.51;9.9
0.052;24.0;0.9963;3.44;0.82;11.9
0.061;13.0;0.996;3.23;1.1;10.0
0.0819999999999999;46.0;0.9985;3.43;0.62;10.7
0.062;34.0;0.9952;3.28;0.9;11.3
0.062;22.0;0.9974;3.22;0.94;10.9
0.064;54.0;0.995;3.54;0.93;10.7
0.048;53.0;0.995;3.27;1.01;12.4
0.0819999999999999;16.0;0.9936;3.5;0.44;11.9
0.071;19.0;0.9963;3.56;0.73;10.6
0.104;89.0;0.9963;3.04;0.9;10.1
0.077;15.0;0.9994;3.2;0.78;9.6
0.065;18.0;0.9966;3.56;0.84;9.4
0.064;37.0;0.9952;3.35;0.77;12.1
0.077;19.0;0.995;3.16;0.46;9.8
0.077;133.0;0.9956;3.27;0.45;9.9
0.079;58.0;0.9965;3.34;0.58;9.4
0.079;55.0;0.9956;3.39;0.84;11.4
0.123;31.0;0.9968;3.5;0.67;11.0
0.076;23.0;0.9974;3.26;0.7;9.6
0.046;60.0;0.9971;3.41;0.71;12.1
0.078;23.0;0.9957;3.3;0.58;11.2
0.072;55.0;0.9962;3.31;0.63;11.0
0.049;67.0;0.996;3.33;0.93;11.3
0.066;47.0;0.9956;3.37;0.62;10.4
0.069;74.0;0.9958;3.26;0.54;9.9
0.042;11.0;0.9944;3.48;0.85;11.7
0.069;25.0;0.9955;3.42;0.74;10.1
0.214;95.0;1.00369;3.18;0.77;9.0
0.1689999999999999;90.0;0.99914;3.15;0.65;8.5
0.07;39.0;0.99577;3.53;0.54;11.1
0.052;8.0;0.996;3.41;0.47;10.3
0.072;92.0;0.99566;3.32;0.68;11.066666666666698
0.062;28.0;0.9947;3.23;0.73;11.3
0.094;98.0;0.99713;3.16;0.52;9.56666666666667
0.078;30.0;0.99712;3.4;0.75;9.8
0.0579999999999999;22.0;0.99322;3.38;0.49;11.7
0.072;92.0;0.99566;3.32;0.68;11.1
0.094;98.0;0.99713;3.16;0.52;9.6
0.08;39.0;0.99701;3.4;0.74;9.7
0.08;54.0;0.99683;3.4;0.73;9.7
0.0559999999999999;29.0;0.99472;3.23;0.76;11.3
0.104;17.0;0.99732;3.33;0.78;11.0
0.062;53.0;0.99374;3.35;0.76;11.6
0.074;85.0;0.99706;3.41;0.58;9.0
0.073;23.0;0.99974;3.21;0.69;10.9
0.052;17.0;0.99467;3.5;0.63;10.9
0.05;89.0;0.99236;3.3;0.5;10.55
0.067;20.0;0.99603;3.39;0.6;10.5
0.054;15.0;0.99458;3.32;0.8;11.9
0.054;64.0;0.99724;3.41;0.68;10.4
0.06;13.0;0.99664;3.59;0.61;10.0
0.075;31.0;0.99545;3.36;0.58;10.4
0.076;39.0;0.99522;3.34;0.53;10.8
0.063;53.0;0.9958;3.41;0.67;9.7
0.062;54.0;0.99728;3.3;0.65;10.0
0.067;32.0;0.99648;3.52;0.57;11.0
0.061;49.0;0.99705;3.31;0.55;9.7
0.084;24.0;0.99578;2.88;0.47;9.7
0.067;16.0;0.99334;3.43;0.52;12.6
0.073;44.0;0.99656;3.38;0.79;11.1
0.071;45.0;0.99336;3.38;0.54;11.0
0.205;82.0;1.00242;3.16;0.75;8.8
0.048;89.0;0.99182;3.54;0.88;13.566666666666698
0.048;89.0;0.99182;3.54;0.88;13.6
0.0819999999999999;14.0;0.99808;3.4;0.52;10.2
0.104;22.0;0.99828;3.39;0.68;10.6
0.08;13.0;0.99498;3.66;0.62;10.1
0.114;9.0;0.99719;3.33;0.57;10.3
0.042;12.0;0.99542;3.35;0.61;10.7
0.06;11.0;0.99592;3.53;0.64;10.9
0.074;25.0;0.99606;3.37;0.55;9.7
0.07;23.0;0.99546;3.38;0.6;10.3
0.066;17.0;0.99496;3.52;0.78;10.6
0.049;13.0;0.9942;3.72;0.58;11.4
0.048;11.0;0.99448;3.44;0.76;10.8
0.039;18.0;0.99344;3.39;0.56;12.4
0.05;18.0;0.99348;3.57;0.54;11.95
0.089;147.0;0.99636;3.26;0.59;9.7
0.066;28.0;0.99459;3.42;0.7;10.0
0.08;28.0;0.99492;3.35;0.81;10.6
0.054;16.0;0.99508;3.45;0.63;11.5
0.068;13.0;0.99582;3.53;0.58;10.8
0.076;15.0;0.99508;3.26;0.53;9.6
0.083;64.0;0.99642;3.16;0.53;9.4
0.078;60.0;0.99638;3.31;0.54;9.8
0.077;14.0;0.99555;3.51;0.69;11.0
0.106;12.0;0.99605;3.36;0.55;11.4
0.078;12.0;0.996;3.55;0.63;9.95
0.07;14.0;0.99562;3.51;0.66;10.8
0.074;25.0;0.99814;3.38;0.72;10.6
0.062;20.0;0.9941;3.28;0.7;11.1
0.047;48.0;0.99661;3.47;0.77;9.7
0.068;27.0;0.99712;3.44;0.67;9.8
0.061;17.0;0.99588;3.53;0.65;10.4
0.078;65.0;0.99294;3.33;0.6;10.5
0.074;65.0;0.99842;3.53;0.72;9.23333333333333
0.074;65.0;0.99842;3.53;0.72;9.25
0.071;58.0;0.99633;3.42;0.97;10.6
0.063;44.0;0.99489;3.38;0.83;10.3
0.114;20.0;0.99647;3.32;0.63;10.5
0.106;27.0;0.99665;3.44;0.58;10.2
0.0819999999999999;23.0;0.99585;3.39;0.43;9.05
0.076;61.0;0.9953;3.34;0.6;10.4
0.075;47.0;0.99522;3.39;0.78;10.0
0.064;34.0;0.99552;3.33;0.64;9.7
0.064;38.0;0.99553;3.3;0.65;9.6
0.071;24.0;0.9951;3.29;0.66;10.8
0.096;59.0;0.99714;3.31;0.67;10.1
0.063;52.0;0.99608;3.42;0.6;10.2
0.063;18.0;0.99444;3.42;0.69;11.3
0.081;28.0;0.99631;3.6;0.66;10.2
0.0579999999999999;22.0;0.99573;3.21;0.68;9.9
0.074;84.0;0.99717;3.39;0.61;9.0
0.064;29.0;0.99397;3.42;0.62;11.7
0.075;35.0;0.9959;3.36;0.59;9.7
0.077;45.0;0.99528;3.6;0.68;10.3
0.059;31.0;0.99484;3.5;0.64;10.2
0.081;26.0;0.99538;3.57;0.63;12.0
0.065;60.0;0.99714;3.46;0.78;9.9
0.071;32.0;0.99646;3.56;0.63;11.6
0.054;49.0;0.99666;3.4;0.76;10.9
0.064;38.0;0.99472;3.3;0.56;10.75
0.064;19.0;0.99758;3.25;0.57;10.4
0.063;19.0;0.9955;3.17;0.81;11.2
0.059;28.0;0.99531;3.36;0.64;10.1
0.072;26.0;0.99575;3.36;0.61;10.2
0.048;26.0;0.99306;3.55;0.51;12.1
0.099;50.0;0.99783;3.1;0.58;10.4
0.074;24.0;0.99419;3.24;0.7;11.4
0.087;26.0;0.99783;3.45;0.53;9.5
0.083;27.0;0.99768;3.44;0.54;9.4
0.103;54.0;0.99586;3.51;0.66;11.3
0.08;28.0;0.99765;3.41;0.6;9.4
0.062;23.0;0.99627;3.54;0.6;11.0
0.065;24.0;0.99514;3.44;0.68;10.55
0.066;20.0;0.99636;3.53;0.56;9.9
0.235;115.0;0.99787;3.22;0.56;9.5
0.08;131.0;0.99622;3.21;0.52;9.9
0.076;20.0;0.99546;3.29;0.54;10.1
0.061;42.0;0.99489;3.39;0.82;10.9
0.059;52.0;0.99494;3.34;0.71;11.2
0.077;42.0;0.99629;3.34;0.59;9.2
0.0559999999999999;34.0;0.99396;3.48;0.57;11.5
0.23;35.0;0.9934;3.37;0.93;12.4
0.038;25.0;0.99514;3.44;0.65;11.1
0.069;104.0;0.99632;3.33;0.51;9.5
0.075;50.0;0.99467;3.58;0.67;12.5
0.074;92.0;0.99677;3.39;0.48;10.5
0.06;20.0;0.99474;3.26;0.64;11.8
0.081;29.0;0.99588;3.3;0.78;10.8
0.076;27.0;0.99622;3.54;0.6;11.9
0.118;20.0;0.9954;3.42;0.67;11.3
0.053;32.0;0.99402;3.54;0.6;11.3
0.068;26.0;0.9947;3.36;0.6;11.9
0.053;27.0;0.99362;3.57;0.5;11.9
0.074;98.0;0.99578;3.33;0.62;9.8
0.061;34.0;0.99484;3.29;0.8;11.6
0.066;48.0;0.99494;3.3;0.84;11.5
0.065;60.0;0.99492;3.34;0.85;11.4
0.066;28.0;0.99483;3.55;0.66;10.9
0.068;102.0;0.99414;3.27;0.78;12.8
0.073;79.0;0.9977;3.29;0.54;9.2
0.077;35.0;0.99314;3.32;0.82;11.6
0.089;26.0;0.99402;3.67;0.56;11.6
0.076;40.0;0.99574;3.42;0.75;11.0
0.068;38.0;0.99651;3.42;0.82;9.5
0.09;44.0;0.9949;3.45;0.58;10.5
0.062;51.0;0.99512;3.52;0.76;11.2
0.075;44.0;0.99547;3.57;0.71;10.2
0.067;42.0;0.99549;3.39;0.66;11.0
